theta0,theta1
104727.42003321546,7699.98612392038
